[
    {
        "id": "66ab97c82826d",
        "name": "Carlos",
        "email": "carlos@gmail.com",
        "password": "$2y$10$UT3d1t\/6PadaNm8g7BOSUOBH4kXfj7n1z1VeT.Vap8KoQDCQRKhbu"
    },
    {
        "id": "66abdc91c1c28",
        "name": "Mutsimba",
        "email": "ajaxmutsimba@gmail.com",
        "password": "$2y$10$SdEAoE9CgjnDSzJA9IcfC.rhEr0V7\/.qJdmpXi0YSiKB\/06RQ0eMi"
    },
    {
        "id": "66abdcc8afe11",
        "name": "Karany",
        "email": "karany@gmail.com",
        "image": null
    },
    {
        "id": "66abf6570b744",
        "name": "Tonio",
        "email": "tonio@gmail.com",
        "password": "$2y$10$yIrZtfaXsGMpNaFZ8q\/aduZ.qh0oW58y3OZS\/orswPTm2yQE2ehti"
    },
    {
        "id": "66abfa984882b",
        "name": "maellah",
        "email": "Maeellah@gmail.com",
        "image": "uploads\/20190810_134942.jpg"
    }
]